Clases,Caracteristica 1,Caracteristica 2,Caracteristica 3,Caracteristica 4,Caracteristica 5,Caracteristica 6,Caracteristica 7
0,0.005139099451636588,1.845662377594845e-05,1.1211424432168493e-07,1.818810167700854e-07,2.589772497554787e-14,7.810084566715518e-10,-1.9676023547700678e-15
0,0.004957329836276087,1.7120703368972805e-05,9.999004429786693e-08,1.630100109012591e-07,2.074471246883431e-14,6.740590273134953e-10,-1.6638148349946101e-15
0,0.0052346566679401935,1.899755335917352e-05,1.1894578283561623e-07,1.937301313216031e-07,2.931245040925328e-14,8.439320051079265e-10,-2.3727217387675745e-15
0,0.007055611402551061,3.507690061741653e-05,3.0056591086988604e-07,4.832066398608667e-07,1.8375712259328617e-13,2.8609881686959514e-09,-1.2006190108103172e-14
0,0.005036353606240065,1.7725109354506228e-05,1.0667591205148729e-07,1.7179513518735715e-07,2.3184607473440917e-14,7.229215398619045e-10,-1.8307152208259933e-15
0,0.00497728980818874,1.7049926561952088e-05,1.0046086830131073e-07,1.650097991354667e-07,2.1164550362858147e-14,6.809657737460405e-10,-1.850673937648579e-15
0,0.0047748081484762835,1.6180060795169874e-05,9.169454296792238e-08,1.4671729699339515e-07,1.6975696873672013e-14,5.89812917917747e-10,-1.190925543369213e-15
0,0.0050058449305648185,1.752285127816842e-05,1.0465495044329334e-07,1.693517953400969e-07,2.2477852840069645e-14,7.085242278633738e-10,-1.7483595990565625e-15
0,0.005731121915812454,2.2418198608106016e-05,1.5279303167221958e-07,2.541887470999208e-07,4.990753446472046e-14,1.2028523510288143e-09,-4.31892565292255e-15
0,0.005063005626287977,1.8099645357031816e-05,1.0973289358911547e-07,1.758695556627107e-07,2.4367856138805512e-14,7.47804377282065e-10,-1.765659622470798e-15
0,0.0050679537120970845,1.7800019491621833e-05,1.080027291548956e-07,1.7625642172462467e-07,2.4240080651578172e-14,7.431937916860782e-10,-1.949999745851165e-15
0,0.00457198660299873,1.4641449705784094e-05,8.094115236407635e-08,1.2981913843526043e-07,1.3265137076140368e-14,4.964013333994712e-10,-1.0595648300828676e-15
0,0.005227786370014571,1.891686184963946e-05,1.1752147740079501e-07,1.926985633758947e-07,2.891014813693792e-14,8.376862304068407e-10,-2.262619190917169e-15
0,0.005172861536272159,1.84001080997581e-05,1.1399368460700237e-07,1.8684370661152745e-07,2.7170349359160327e-14,8.012070613406547e-10,-2.309209929430323e-15
0,0.004620074538212512,1.5541497759576415e-05,8.863063822222767e-08,1.3586778341686434e-07,1.488115550588939e-14,5.353457459385778e-10,-9.209129391916689e-16
1,0.004625513752814785,1.5586769099606256e-05,9.493872203356232e-08,1.3523354666908459e-07,1.5246912377923628e-14,5.327034592150413e-10,-1.5267310586089251e-15
1,0.004832352040908191,1.7925158945945966e-05,1.2173020688112877e-07,1.6199132623011604e-07,2.2684870189099916e-14,6.843367672625483e-10,-1.6890595020545606e-15
1,0.005037081577603343,1.9073763415044083e-05,1.2587117938699092e-07,1.7379310182662175e-07,2.561154896095731e-14,7.574133617631012e-10,-2.1859495638612896e-15
1,0.004632694534419714,1.6103498162435e-05,9.678554144040411e-08,1.3602506255307687e-07,1.5553931179984967e-14,5.446650522964637e-10,-1.2921367666358142e-15
1,0.004886452039616489,1.812869958127087e-05,1.1683470139039543e-07,1.607708155329706e-07,2.1965882647094816e-14,6.829946302073205e-10,-1.733425865308074e-15
1,0.004958433588511356,1.8506430713011703e-05,1.234492886068518e-07,1.6971704379463282e-07,2.4481967854091163e-14,7.283940174798507e-10,-2.02882910565536e-15
1,0.005069055701779064,1.9264302110747054e-05,1.313329738627837e-07,1.809504515731234e-07,2.778835403431865e-14,7.922647982682712e-10,-2.4369065992844245e-15
1,0.004858439916413809,1.7570604453927902e-05,1.1304215445664947e-07,1.5771957526788667e-07,2.0977017516778156e-14,6.596155374777377e-10,-1.86236701745182e-15
1,0.004642405300518403,1.5034266928325367e-05,9.261649689533478e-08,1.360353743581007e-07,1.515711871239682e-14,5.26159918633856e-10,-1.8483276099158627e-15
1,0.005078891924502823,1.9426580368554007e-05,1.321982569573136e-07,1.814104005546429e-07,2.79894899610396e-14,7.976863076916011e-10,-2.415418174915254e-15
1,0.0053694239026819916,2.2111767938669522e-05,1.5791979859851052e-07,2.1308554223885346e-07,3.8972126990996894e-14,9.997758211950593e-10,-3.0142979803547275e-15
1,0.004778029553979591,1.724801350510049e-05,1.1129628522845963e-07,1.5234424182903162e-07,1.976907109151793e-14,6.312717952233678e-10,-1.6421239379818375e-15
1,0.004144394353617101,1.2225932654387204e-05,6.621337411810583e-08,9.660537803783627e-08,7.68162594913567e-15,3.3720023010939807e-10,-8.301973693362051e-16
1,0.006099209687619549,2.8956495175561998e-05,2.43013679385747e-07,3.18988974903564e-07,8.859503263656567e-14,1.7119150260805316e-09,-6.225253815612102e-15
1,0.005930312680869363,2.5926837405844038e-05,1.9629277490509983e-07,2.7416595478984966e-07,6.329062503477575e-14,1.393177321543605e-09,-6.2882682929295e-15
1,0.0048145080293535095,1.7608825991293437e-05,1.1268739831752603e-07,1.5480665717347882e-07,2.0384254266109354e-14,6.481783174202579e-10,-1.5961208379370828e-15
1,0.0050260983366034115,1.8213850418325105e-05,1.2083285035535475e-07,1.7315141789502564e-07,2.4906604585350443e-14,7.36991976617483e-10,-2.6350627399433986e-15
1,0.0046287595117273156,1.588790360280342e-05,9.640249186028131e-08,1.359543731777089e-07,1.5503580044555236e-14,5.407261330176545e-10,-1.3752265586546315e-15
2,0.00665528646739761,3.083921297290203e-05,2.7681295729544354e-07,4.100654243552446e-07,1.3745816208634257e-13,2.275096028081707e-09,-1.3878544304450059e-14
2,0.006524069925314116,2.9419129338298603e-05,2.571370972558572e-07,3.899794246691943e-07,1.2282852424048058e-13,2.1125338688326765e-09,-1.280058962393223e-14
2,0.00662561507601477,3.037145526293196e-05,2.7256389859193966e-07,4.047523853135719e-07,1.3370609300541793e-13,2.2285348150055144e-09,-1.3998010587900706e-14
2,0.006404584801144774,2.8774215359900173e-05,2.513411636737953e-07,3.692757129901427e-07,1.1195359395277592e-13,1.9794097109452094e-09,-1.1088638632332252e-14
2,0.007125706393104045,3.478894989996642e-05,3.432795043272141e-07,5.095319960452255e-07,2.1180030067503962e-13,3.0025850291904673e-09,-2.3489511669360282e-14
2,0.005297710542158572,1.9212397399844984e-05,1.3814449427486551e-07,2.0602833296963417e-07,3.452938155473047e-14,9.019680769688159e-10,-3.98169780773403e-15
2,0.008422526785877644,4.653259263199068e-05,5.613140615206775e-07,8.591541744698398e-07,5.914997604774933e-13,5.8556711312937686e-09,-7.812053359170694e-14
2,0.007290952505446623,3.614932183769016e-05,3.6521345677720023e-07,5.447080859310091e-07,2.414031129576766e-13,3.2719451721483765e-09,-2.7383239292800085e-14
2,0.007050346126836044,3.410145974041694e-05,3.320921553059936e-07,4.899992933624625e-07,1.9639347832935105e-13,2.8584319583035908e-09,-2.2354923789023276e-14
2,0.006498985389003948,2.892046160512339e-05,2.608666600968043e-07,3.8689395766639576e-07,1.221300981113321e-13,2.0779721154740936e-09,-1.3849271594682545e-14
2,0.006633545213566996,3.0204422224097398e-05,2.7542191190401615e-07,4.081342439407657e-07,1.3600579671769173e-13,2.2404769767949306e-09,-1.5060200496202322e-14
2,0.00646794005961231,2.924509540079844e-05,2.5614027131447797e-07,3.7764010631673765e-07,1.168584539978699e-13,2.0406660821908793e-09,-1.1781332050676274e-14
2,0.007101565684048913,3.4824443199889194e-05,3.384350477930887e-07,5.026619318494813e-07,2.0611333826291533e-13,2.964200791276851e-09,-2.238179144271288e-14
2,0.00635851240822517,2.7457639798523702e-05,2.4205237989100743e-07,3.6272985880613415e-07,1.0673615442097497e-13,1.8986255272567666e-09,-1.262731671044157e-14
2,0.00676004052036986,3.295592566149836e-05,3.1412178399400176e-07,4.4468260896819023e-07,1.655754773762822e-13,2.5505565051863795e-09,-1.4364524891689525e-14
2,0.006661255816903764,3.0573050978697257e-05,2.7719052884202573e-07,4.1484078074686876e-07,1.3987724461402497e-13,2.2913195843512948e-09,-1.4943387533015605e-14
2,0.006029189215496325,2.5558790357662287e-05,2.1517538718817202e-07,3.1382041124865557e-07,8.115638025933444e-14,1.5849035147845325e-09,-7.991502827272916e-15
2,0.006445394887718517,2.8977009870215116e-05,2.5515380545036566e-07,3.749234949685882e-07,1.1536242474697541e-13,2.016138285725412e-09,-1.1775137527401515e-14
2,0.006573732408990238,2.9304311790016683e-05,2.706618898728262e-07,4.06852834254817e-07,1.3414572745687086e-13,2.199964527933729e-09,-1.5262016505984402e-14
2,0.006612133557346839,3.036635642572584e-05,2.746480866975836e-07,4.071234050418592e-07,1.3540921648091547e-13,2.2411258769841172e-09,-1.4061679675796134e-14
2,0.006558966697715072,3.0212101630998432e-05,2.762891801086624e-07,4.000930232031431e-07,1.3238194635320832e-13,2.1970013975721382e-09,-1.3033315083564476e-14
2,0.006645232822591009,3.07743632905412e-05,2.792186347838898e-07,4.1654776168273046e-07,1.413365509750076e-13,2.308393065474201e-09,-1.4310822259912233e-14
2,0.00646058580606799,2.9025236887392397e-05,2.572046044156808e-07,3.8031775476973845e-07,1.1833062984176822e-13,2.047144593717286e-09,-1.2108974910626433e-14
2,0.006648420968295953,3.0911168263634636e-05,2.861877504795901e-07,4.1953990858441207e-07,1.4460009871572492e-13,2.3296933948858416e-09,-1.4976138093924585e-14
2,0.006638862779696724,3.094819362756404e-05,2.820439988125447e-07,4.179823761689664e-07,1.428506176016243e-13,2.32275090009953e-09,-1.3786780705496643e-14
3,0.006141837215805971,2.6026253287787104e-05,1.8803196992264214e-07,3.101674541966597e-07,7.468815279904153e-14,1.5781832336173966e-09,-5.694100427237397e-15
3,0.006645810063021823,3.057857038991418e-05,2.4832466803185303e-07,4.0215580669438165e-07,1.267098056859698e-13,2.2176723871992264e-09,-9.785421999231251e-15
3,0.004987903701457963,1.7844324600620465e-05,1.1083147545746841e-07,1.698824750489804e-07,2.3250316919316315e-14,7.161212171603337e-10,-1.6760891699816047e-15
3,0.006312291497303808,2.8103292380607218e-05,2.202189748774579e-07,3.456038482115612e-07,9.510067785521877e-14,1.8278798436772155e-09,-6.8130058647761834e-15
3,0.006245453737050376,2.7820814013707888e-05,2.1511250115368501e-07,3.354811295279916e-07,8.990785637104926e-14,1.7650813560523446e-09,-6.221529044678015e-15
3,0.006161023936583502,2.6922416883614686e-05,2.0677811623389285e-07,3.2316859438340267e-07,8.332903123299249e-14,1.6728171078216829e-09,-5.937479037433473e-15
3,0.005880223456538249,2.4571513196133463e-05,1.8229889462683926e-07,2.826235561123214e-07,6.398549787319567e-14,1.3977570520674604e-09,-4.60739898945056e-15
3,0.006198354268060225,2.723705439781112e-05,1.981840334918056e-07,3.20422182002256e-07,8.058580942157418e-14,1.6679118378716413e-09,-5.075332189766713e-15
3,0.006891253601264252,3.406634357265247e-05,2.927022666398077e-07,4.5067473992905224e-07,1.6332194944601648e-13,2.6242343727622257e-09,-1.0890126056340384e-14
3,0.00632367096660305,2.768238500862463e-05,2.1937293606641577e-07,3.528565066490392e-07,9.78539167767363e-14,1.8510439327532481e-09,-7.899399512129608e-15
3,0.005602781092075016,2.1660515373698137e-05,1.4982565366199364e-07,2.401345346561997e-07,4.5368544394814694e-14,1.1145134037003668e-09,-4.045992303829732e-15
3,0.007468847275471242,3.984116075547482e-05,3.625510882226877e-07,5.651032831754117e-07,2.5525462068723724e-13,3.5587715255782706e-09,-1.64751454142095e-14
3,0.006243428399466296,2.735038741363704e-05,2.1549390509265859e-07,3.38520794327446e-07,9.115480080471571e-14,1.7659220980295407e-09,-7.10697397560311e-15
3,0.006737245202712388,3.16793990161785e-05,2.6512890921558657e-07,4.195070212999141e-07,1.3947394690457788e-13,2.3548623050742652e-09,-1.0990993505817483e-14
3,0.006384008028699273,2.8429683279458104e-05,2.2719744342263404e-07,3.5657269149287544e-07,1.0114911130165409e-13,1.896829759275409e-09,-8.31295346921038e-15
3,0.006164314691208383,2.7498268114374987e-05,2.133808103418829e-07,3.271199109369455e-07,8.625078490895146e-14,1.7112110972902716e-09,-5.480885149277052e-15
3,0.006326966293555629,2.803409922835837e-05,2.2229945605808733e-07,3.503176055029105e-07,9.746702340142572e-14,1.8500329107971072e-09,-7.565637952247229e-15
3,0.006020848686153462,2.6215725911162525e-05,1.9400271460973718e-07,2.9787820504418904e-07,7.147837848157213e-14,1.5218372589605082e-09,-4.3078693802334e-15
3,0.00651835043902063,3.0440119216927773e-05,2.4463637267930255e-07,3.810007173873219e-07,1.1607483636745554e-13,2.097183126962722e-09,-7.526714931626414e-15
3,0.006518286309289067,2.9995794747600663e-05,2.4217665828336695e-07,3.793080089219687e-07,1.1467529444642724e-13,2.0725297489094848e-09,-8.113515410304115e-15
3,0.006118352645060244,2.648815065511481e-05,1.9951215935779414e-07,3.1363694880339613e-07,7.825852757512713e-14,1.6103129438209866e-09,-5.561334833015706e-15
3,0.006121200491481831,2.6017078710409465e-05,1.9838009954464218e-07,3.169345843120007e-07,7.921960285158183e-14,1.6118990957090753e-09,-6.304267801527825e-15
3,0.005613568823858949,2.2367523135970616e-05,1.566157387131573e-07,2.438911903904548e-07,4.7533366267457856e-14,1.1506223478689538e-09,-3.558053350131315e-15
3,0.006466948944955734,2.9098678523043204e-05,2.3422941274715652e-07,3.7379878975042156e-07,1.1027209232744875e-13,2.0106096855197086e-09,-8.584225145556597e-15
3,0.006629147574925768,2.9736991304404416e-05,2.38610184437719e-07,3.8789587475542595e-07,1.1742501405111822e-13,2.108871944324728e-09,-1.173135955179594e-14
3,0.006197595996032854,2.6875435057079103e-05,2.0380291467713407e-07,3.258837948479007e-07,8.376362277361133e-14,1.685259722656735e-09,-6.0875524245508546e-15
3,0.006992748583308001,3.226181540120338e-05,2.754058907653677e-07,4.505657143513227e-07,1.5764269912291844e-13,2.5511271426238414e-09,-1.843663183725644e-14
3,0.006387299504548536,2.8320316358800786e-05,2.2489750102579853e-07,3.5695177259980473e-07,1.0078733058685163e-13,1.8946248769843373e-09,-8.393141673735383e-15
3,0.006525202233092999,3.012539418081109e-05,2.44911367850103e-07,3.8488631648796375e-07,1.178639216579672e-13,2.107029476788252e-09,-8.484338625622291e-15
3,0.006644895755330758,3.0992370714941225e-05,2.5462047578707436e-07,4.0534479042180093e-07,1.2988924399434136e-13,2.250549950809116e-09,-9.300039018078466e-15
3,0.005977100520257428,2.5557863532326367e-05,1.9137669094049744e-07,2.952986184981854e-07,7.003131063029718e-14,1.4893226180517292e-09,-4.8626013249634335e-15
4,0.004899364596448559,1.7050308579720598e-05,1.0503308794472382e-07,1.5657087048496023e-07,2.0029408577600276e-14,6.462432714328115e-10,-1.4020368933880574e-15
4,0.0045624511626892435,1.4373856363525268e-05,8.144829887378346e-08,1.255260006619629e-07,1.2644550060410673e-14,4.756608286231464e-10,-1.1003349829599163e-15
4,0.0049912488021085135,1.714262655808302e-05,1.0757937077164039e-07,1.6459663587664453e-07,2.1821570101983222e-14,6.812323022061738e-10,-1.8824290935135106e-15
4,0.004997960359560006,1.729962840857308e-05,1.0639996377072968e-07,1.6346143291964253e-07,2.1488494580869916e-14,6.795926297878431e-10,-1.7205648996815806e-15
4,0.004958794028471212,1.679591871668092e-05,1.0170428156960762e-07,1.5832941483342558e-07,2.0001112016372803e-14,6.48512334552626e-10,-1.903488988942637e-15
4,0.00486561066789995,1.6330312526927465e-05,9.824256955456334e-08,1.513958555633476e-07,1.8399963753594704e-14,6.115746507115528e-10,-1.5339004215896847e-15
4,0.005514881606621887,2.2019736903115636e-05,1.5221950242947537e-07,2.2230342276252473e-07,4.080048345010435e-14,1.0426427901694687e-09,-2.756735467697532e-15
4,0.0048419528041949034,1.6745640452317858e-05,1.0438674627196573e-07,1.5360629161624752e-07,1.940548790541117e-14,6.282940518856812e-10,-1.326057191073802e-15
4,0.004862202424694652,1.6881446199962154e-05,1.0496509520105096e-07,1.546040209864644e-07,1.9647641125932763e-14,6.349430333698939e-10,-1.3634570980875117e-15
4,0.005460578498930078,1.99142246879136e-05,1.3225483336604668e-07,2.1112728064519036e-07,3.5117893242867604e-14,9.417350487528538e-10,-3.37283855556696e-15
4,0.004353485289307885,1.3545350152336633e-05,7.236242179935165e-08,1.0760827130778423e-07,9.466010016545441e-15,3.958456958154243e-10,-7.497735128428414e-16
4,0.00476522090806058,1.6242107884528227e-05,9.71882116419754e-08,1.4348600576364248e-07,1.690276706509049e-14,5.78026536313431e-10,-1.1842464821947953e-15
4,0.005063804664139831,1.761107351519236e-05,1.1055926178621548e-07,1.7005427129077807e-07,2.3225753932214684e-14,7.13378964267971e-10,-2.0645557234926802e-15
4,0.005143059995477153,1.8549771876724197e-05,1.2135139592763334e-07,1.827247647058311e-07,2.7140911416467407e-14,7.866056896433295e-10,-1.9289395097794008e-15
4,0.0051831245312163494,1.9185738383042016e-05,1.2369094521672532e-07,1.8431091604411835e-07,2.7769421234907008e-14,8.069663316651732e-10,-1.8180037342953524e-15
4,0.004948070721672412,1.7316371273668874e-05,1.0760277204435503e-07,1.6096446018408957e-07,2.1132854254021735e-14,6.695648453124326e-10,-1.4702928001948403e-15
4,0.005231533340316647,1.8520175671692497e-05,1.1942159407543218e-07,1.8786660510338735e-07,2.80220391203961e-14,8.079761556008808e-10,-2.5680206059056495e-15
4,0.004742205842357859,1.585917844947601e-05,9.536183524383786e-08,1.4290015653349812e-07,1.663891722085773e-14,5.68863955873361e-10,-1.1918418912126825e-15
4,0.004883360258948207,1.6883385745374994e-05,1.0406579546644286e-07,1.552430221274898e-07,1.9683600188305724e-14,6.37656306296654e-10,-1.381866446005329e-15
4,0.0051216321357280235,1.8572304834689633e-05,1.1915160723150758e-07,1.7791774424635124e-07,2.584225283087833e-14,7.66410924938353e-10,-1.7978650117249338e-15
4,0.005340021288958406,2.092215483435915e-05,1.3958260795363786e-07,2.0212527512064424e-07,3.389492992559911e-14,9.242549326410838e-10,-1.9422620102398474e-15
4,0.005111733267982107,1.7652260221473133e-05,1.1030065993089871e-07,1.7396578763545278e-07,2.3984939843680313e-14,7.305682406159415e-10,-2.333773566857478e-15
4,0.005013773437399513,1.7740635872888157e-05,1.1095365406249257e-07,1.6658098967419165e-07,2.2567368732844463e-14,7.012337255031043e-10,-1.896422610519052e-15
4,0.004803378739022536,1.6446021414850407e-05,9.982261433586512e-08,1.4790423701182226e-07,1.7929209616484315e-14,5.995802630260377e-10,-1.2328178958565268e-15
4,0.005038588216351629,1.7977821827199125e-05,1.1273679128374417e-07,1.686321811099556e-07,2.319572219817994e-14,7.147246258235201e-10,-1.6037969599758517e-15
4,0.004836629234114554,1.605399167303865e-05,9.623728926153529e-08,1.486219102840032e-07,1.7703120325259714e-14,5.952593192740013e-10,-1.5906857453030837e-15
4,0.004887652118339414,1.6280109263144193e-05,9.629997121391924e-08,1.5141241231077058e-07,1.820600226775687e-14,6.106149969219473e-10,-1.6797724029329916e-15
5,0.0058712544113352985,2.516115712751329e-05,1.980547490906686e-07,2.9158402721436373e-07,6.990263518955556e-14,1.4619858711972404e-09,-4.8543376728043086e-15
5,0.006063406862745098,2.7684326141988658e-05,2.3403310744962937e-07,3.3226126687007285e-07,9.249936078417868e-14,1.7472042170032923e-09,-5.328864780395914e-15
5,0.005381000652691885,2.1596054629495536e-05,1.66692617748372e-07,2.3744345326809166e-07,4.71510470656481e-14,1.1027702635626547e-09,-2.8773506172779376e-15
5,0.005676317062333347,2.3834334635468982e-05,1.9454970814823945e-07,2.793756074918093e-07,6.500515695058598e-14,1.3630735494796263e-09,-4.071537657348209e-15
5,0.0053083595440227204,2.1055714898982353e-05,1.575315470791618e-07,2.2434676307807513e-07,4.20965844736345e-14,1.0287828786879836e-09,-2.583974396112119e-15
5,0.005892323955588475,2.5839993425439415e-05,2.1218939905438151e-07,3.058572430824035e-07,7.777630420055021e-14,1.5538356494096217e-09,-4.7034793959169315e-15
5,0.005210692427082386,1.9638223641305714e-05,1.4262820032478267e-07,2.0957044125039917e-07,3.6130217836195404e-14,9.281574769800463e-10,-2.7199341612664397e-15
5,0.005474663663928414,2.192106063614567e-05,1.655199994373982e-07,2.41783508326463e-07,4.824741352405389e-14,1.131332173995433e-09,-3.42450430264848e-15
5,0.006234461581422876,2.9239789531254098e-05,2.5784530871862235e-07,3.6602956818281864e-07,1.1227004497497497e-13,1.9779939698525185e-09,-6.333567505254377e-15
5,0.006012362302042668,2.703639097572588e-05,2.2638902544806308e-07,3.2479830396672747e-07,8.791946432587583e-14,1.6877162672198968e-09,-5.21713155773183e-15
5,0.0055261455582773945,2.2124617033547175e-05,1.7324114057419584e-07,2.523130873476207e-07,5.2600889575821806e-14,1.186145218931807e-09,-3.983957116615077e-15
5,0.005643325584603703,2.3855130402031856e-05,1.8589216485409487e-07,2.669720650468434e-07,5.937577967682888e-14,1.3032378067406938e-09,-3.4217075622840724e-15
5,0.005350977571237415,2.1621416740299576e-05,1.6469176196454475e-07,2.315723059282148e-07,4.5150098229618953e-14,1.0761668710393147e-09,-2.5786759510951632e-15
5,0.006170691388035966,2.7045956399264434e-05,2.3118780224874913e-07,3.5336904635757165e-07,1.0074012027180874e-13,1.8357873081320588e-09,-7.253179698802818e-15
5,0.006416354353375699,3.160440924578741e-05,2.8534855115751105e-07,3.991565671592893e-07,1.3454784307428733e-13,2.24280005546364e-09,-6.62615222494703e-15
5,0.005823001742878319,2.5681445549551037e-05,2.135551307825138e-07,3.004923562295517e-07,7.600918470920402e-14,1.521994212125026e-09,-4.126523014756683e-15
5,0.0054649220156225645,2.125972701004145e-05,1.6169814609984488e-07,2.432759777543792e-07,4.8104835437516595e-14,1.1208866224275663e-09,-3.745750986092639e-15
5,0.005665231019743537,2.4253309653415756e-05,1.9395439461530704e-07,2.733189350385564e-07,6.282975545208013e-14,1.3453122100879499e-09,-3.5420080715486125e-15
5,0.005258016534908244,2.123508550351512e-05,1.570631762831621e-07,2.2007159335936132e-07,4.08697981018398e-14,1.013158581228617e-09,-1.9239446879308062e-15
5,0.005475336875844441,2.175649072314555e-05,1.6107096025750555e-07,2.3914138028109094e-07,4.680520188911881e-14,1.1145513438698733e-09,-3.4792829811840813e-15
5,0.005211663413069285,2.0236029303303494e-05,1.5282309868017365e-07,2.1626109691614598e-07,3.923984173106324e-14,9.722297876335237e-10,-2.4354173411110634e-15
6,0.005616407406821906,2.3619917818200956e-05,1.524591614579424e-07,2.2411849921632372e-07,4.1361010068088946e-14,1.0888143458751378e-09,-2.3539171675399064e-15
6,0.005823043134182941,2.565569648449691e-05,1.7139392344892526e-07,2.489395561740115e-07,5.134740207722806e-14,1.2603988578605542e-09,-2.7458876190488607e-15
6,0.005939057619847411,2.658117243325674e-05,1.7929303238783211e-07,2.6196807478059646e-07,5.6683508525661734e-14,1.3500780890180972e-09,-3.215225679921662e-15
6,0.005744396162847966,2.4499006608923536e-05,1.585127446681192e-07,2.3713520861275382e-07,4.589294209149171e-14,1.1732536978147534e-09,-2.7534479729415047e-15
6,0.005929080864040389,2.610708712755265e-05,1.781206492019758e-07,2.667466393808063e-07,5.805475619423423e-14,1.36244736495852e-09,-3.221856194781497e-15
6,0.005994659149679969,2.668459252690302e-05,1.8467225637116264e-07,2.7538381269189916e-07,6.200830027597708e-14,1.422029478971786e-09,-3.4175695992228475e-15
6,0.006166477421608874,2.907048794633141e-05,2.1669049090388725e-07,3.046153865880508e-07,7.813467009034536e-14,1.6417003553696133e-09,-4.4521903547402536e-15
6,0.0062250260590374674,2.8974255664814048e-05,2.0365570811082352e-07,3.029618778919105e-07,7.514590267505871e-14,1.6302747710693298e-09,-4.034300024915861e-15
6,0.0062793575868352125,3.0306619863753517e-05,2.1907466429591683e-07,3.1735527517412064e-07,8.361048395451626e-14,1.7466121154396066e-09,-3.376873507832163e-15
6,0.004689893027779623,1.661410592134447e-05,8.901191325653485e-08,1.2704280703135692e-07,1.3479842061401045e-14,5.175770356468925e-10,-8.993224004374748e-16
6,0.006092694772644572,2.69952375812666e-05,1.8905862575228934e-07,2.8236149932448724e-07,6.505185082910409e-14,1.4663653892114275e-09,-4.936354277205068e-15
6,0.005769463530901439,2.458879512491671e-05,1.6346384869604463e-07,2.4476048648845986e-07,4.886790881084757e-14,1.2131832344161112e-09,-2.967138357558854e-15
6,0.006229483981092437,2.939506770013141e-05,2.0950500422445305e-07,3.065006479726773e-07,7.7578694241543e-14,1.661070256306719e-09,-3.731597299086587e-15
6,0.006089314935850883,2.734160074851916e-05,1.88091113474383e-07,2.838274343004483e-07,6.54562763576907e-14,1.4835478181750722e-09,-4.0123641600453505e-15
6,0.0058403044889151915,2.5736240289931225e-05,1.7234949283955371e-07,2.532624387312521e-07,5.284509690323065e-14,1.2844171926798378e-09,-2.6768978560197244e-15
6,0.0059458760958424305,2.698689175875732e-05,1.8474915521814046e-07,2.6794730419187247e-07,5.955458629345433e-14,1.391552702701963e-09,-2.712818799025999e-15
6,0.0057951442072673946,2.5439726986960992e-05,1.710745072172874e-07,2.4937066484639586e-07,5.144720280847159e-14,1.2573970012334354e-09,-2.467472948424894e-15
6,0.005877830905519108,2.5548133698061235e-05,1.7130563423964635e-07,2.5851663114998023e-07,5.4315114885968255e-14,1.3060979849503943e-09,-3.081587265697626e-15
6,0.008293263900446704,5.324401409331939e-05,5.156366862521897e-07,7.487344354646904e-07,4.649908210886939e-13,5.46231124147256e-09,-1.4778567912990807e-14
6,0.0066384530836556075,3.378081908420116e-05,2.551928438432184e-07,3.7124610566194396e-07,1.1417194076426888e-13,2.1571045858962882e-09,-4.700305442142493e-15
6,0.005823414019297171,2.5324356120552308e-05,1.6912346229316322e-07,2.5139663806924597e-07,5.1764076806445874e-14,1.2646322070367848e-09,-2.7514778200419704e-15
6,0.005987701589511544,2.6713483370071718e-05,1.8350789986114985e-07,2.7377356536794006e-07,6.12708931110053e-14,1.4144681533477437e-09,-3.381612590982178e-15
6,0.005929397562556032,2.5705457768663564e-05,1.7259059956652916e-07,2.623097331999278e-07,5.570041748279215e-14,1.3294060125973091e-09,-3.532706462972952e-15
6,0.0059764217900199566,2.721955492397664e-05,1.8730810039603517e-07,2.74679861386456e-07,6.224682439077899e-14,1.432444001582646e-09,-2.6771956404970086e-15
6,0.005925736135640611,2.6309706204835358e-05,1.7952195745285096e-07,2.6586561806985817e-07,5.800947693744157e-14,1.363215775053423e-09,-2.929557387822781e-15
6,0.006046844816898293,2.795116828481358e-05,1.9326667583803557e-07,2.819941090309664e-07,6.577310798304411e-14,1.4903792715560138e-09,-2.7893163135947808e-15
6,0.005994454398160364,2.7155454773488758e-05,1.8751102840818167e-07,2.7517797573144606e-07,6.243005668870531e-14,1.4335031895996752e-09,-3.1157194948116375e-15
6,0.005943863745876423,2.6431938315246494e-05,1.792315413172856e-07,2.671531995082904e-07,5.837437700196837e-14,1.3729748237937208e-09,-3.1353231666426783e-15
6,0.005997125412665066,2.6813789716420298e-05,1.85985824756032e-07,2.7721005695958327e-07,6.28537289442028e-14,1.4348411027696727e-09,-3.367297864951629e-15
7,0.00516772891837532,1.5423633150795063e-05,1.2573215471106294e-07,1.9893034764301827e-07,3.061950728265128e-14,7.786757235151961e-10,-7.228444399364229e-15
7,0.006489126262749998,2.246051776503276e-05,2.3615405120831262e-07,3.8418879269538923e-07,1.1129233587646669e-13,1.8150911450826455e-09,-3.170999338596027e-14
7,0.005702633053221289,2.0110671892606584e-05,1.7671081035431939e-07,2.7344428178207675e-07,5.901636010502429e-14,1.2213417426682726e-09,-1.140540828314744e-14
7,0.0061165068311852255,2.0834155408981078e-05,2.0743301746851418e-07,3.3007302366999713e-07,8.368305358423011e-14,1.5016098848642211e-09,-2.1368591006096698e-14
7,0.006084891423488109,2.1217385733876783e-05,2.013179494067153e-07,3.1543285216240574e-07,7.722321441840809e-14,1.448785049228316e-09,-1.8839297970237558e-14
7,0.005942451468849252,2.129693807337748e-05,1.906065907716126e-07,3.063408098959535e-07,7.246385944022582e-14,1.4070255475791847e-09,-1.5120675068378748e-14
7,0.005108942829534804,1.481324210847823e-05,1.1911217579059607e-07,1.9111573236037923e-07,2.7990323548337917e-14,7.33131991753922e-10,-6.928900618215831e-15
7,0.005767115856848302,1.8530321877462516e-05,1.702237283706447e-07,2.733209461360085e-07,5.70534478087168e-14,1.1728075245242302e-09,-1.4851820420029256e-14
7,0.005897612857513935,1.9737027842178478e-05,1.8697377945756242e-07,2.885604392905281e-07,6.501898721866401e-14,1.2788337049815225e-09,-1.628073267625387e-14
7,0.006894366967628296,2.8897601040706806e-05,3.0707846805670755e-07,4.706952256863548e-07,1.7505924674657451e-13,2.5224005692802897e-09,-3.711814045050996e-14
7,0.005692094364568602,1.8178177224623226e-05,1.6509991397470836e-07,2.62102167376718e-07,5.2824606630848936e-14,1.1140858352329653e-09,-1.3502331637054793e-14
7,0.005633874696444288,1.81922274991638e-05,1.6116160508615587e-07,2.556004405845762e-07,5.044637004468799e-14,1.0866077947850967e-09,-1.2098192190570554e-14
7,0.005992124217012507,1.8842603429216277e-05,1.9172687709925123e-07,3.0498182214838065e-07,7.069275294602382e-14,1.3206041934545788e-09,-2.1008495849751608e-14
7,0.007038588408966524,2.555306522842956e-05,2.963486969959094e-07,4.905936210561703e-07,1.7871463971528856e-13,2.4718884431442474e-09,-5.525462250197084e-14
7,0.005726195891801099,1.7148825108749384e-05,1.637441562468243e-07,2.6209152820025905e-07,5.20191800862569e-14,1.08281199447961e-09,-1.555591330868151e-14
7,0.005604273934860633,1.7863321732777174e-05,1.620644398150903e-07,2.5952812535586345e-07,5.1702725989866544e-14,1.0926352492974168e-09,-1.2640882174642514e-14
7,0.006406941448776073,2.3481686086541218e-05,2.3955761296646743e-07,3.7171611842242697e-07,1.0777008717926898e-13,1.796145754016436e-09,-2.625922638039814e-14
7,0.005926448263825083,2.0089269557200078e-05,1.8832651249334925e-07,2.980941158822139e-07,6.8651374565758e-14,1.3316616195457611e-09,-1.6598441940461098e-14
7,0.005725273287635807,1.8483880353576787e-05,1.6977827518980758e-07,2.680153031549819e-07,5.542341620610334e-14,1.1488720110387966e-09,-1.4029907038713291e-14
7,0.006006258836237709,1.9921484011385402e-05,1.9300993018169946e-07,3.048109219929667e-07,7.144939122257836e-14,1.356669490070851e-09,-1.9000121901942682e-14
7,0.005446635421936996,1.6967318675075815e-05,1.3556112032191012e-07,2.2295390700327352e-07,3.767565925991455e-14,9.154643456390603e-10,-9.106417276995601e-15
7,0.005474586284217829,1.7072336616834486e-05,1.4037545493140782e-07,2.2776943265928607e-07,3.95372476164717e-14,9.383484777875963e-10,-9.774605663283065e-15
7,0.005938169574533211,2.0042763243527593e-05,1.9363084021256824e-07,2.9743484837080783e-07,6.928790447591736e-14,1.3281144055644326e-09,-1.7153875001365122e-14
7,0.005599150865514395,1.7369041991131806e-05,1.58030286149607e-07,2.5049477178242245e-07,4.819372996053208e-14,1.0408921835275646e-09,-1.269949096093633e-14
7,0.005699063708528394,1.8811039924479917e-05,1.713954271317775e-07,2.6766868175969733e-07,5.583151612293801e-14,1.15693120089684e-09,-1.3030073846390416e-14
7,0.0065256335267243155,2.53292341140787e-05,2.626876390724756e-07,4.0729095444858273e-07,1.3022621353326193e-13,2.0412306821182906e-09,-2.8094798412085523e-14
8,0.004909040422302836,1.662263926701043e-05,9.954978938871373e-08,1.6016726636706251e-07,2.0139500516533974e-14,6.524562781767705e-10,-1.8538111862211352e-15
8,0.004841369998922369,1.6447546191709137e-05,9.570537695937903e-08,1.5343565158332446e-07,1.853736534065636e-14,6.218185009762226e-10,-1.4417582633185472e-15
8,0.004941537254901961,1.719011127929258e-05,1.0363292329911121e-07,1.6513526910214863e-07,2.1539627811548472e-14,6.842411568667202e-10,-1.6499592479249493e-15
8,0.004811640041635348,1.6126588131765787e-05,9.317851335675717e-08,1.4922450699287174e-07,1.7527516513825965e-14,5.986822579345894e-10,-1.5528421248272906e-15
8,0.004455857810690741,1.4128321741711873e-05,7.688997272224366e-08,1.2107171309322644e-07,1.1650884864067803e-14,4.547857965353157e-10,-8.452778368811033e-16
8,0.004821153279249897,1.6395204934414763e-05,9.494532882236946e-08,1.5141274272436873e-07,1.8101301189914816e-14,6.126430937485051e-10,-1.3866939567043053e-15
8,0.004672852107448515,1.5446980562815458e-05,8.805663239829676e-08,1.3932809945020564e-07,1.538926212821984e-14,5.472434626434033e-10,-1.1557510367552673e-15
8,0.005164350361251951,1.885905085727105e-05,1.1604769436274224e-07,1.8647616869181734e-07,2.7360402049951632e-14,8.093617525844112e-10,-1.9769782583972977e-15
8,0.004632371290877737,1.5088876973401477e-05,8.499417398182431e-08,1.353151800409926e-07,1.4465045491989436e-14,5.251555670558872e-10,-1.161069043897092e-15
8,0.004790892680610493,1.6443470028980305e-05,9.502016986053378e-08,1.491582464625596e-07,1.7714594046844338e-14,6.044035745866409e-10,-1.231901248816016e-15
8,0.004826383749590331,1.6369226827834278e-05,9.30336008710163e-08,1.4928183107789865e-07,1.75364343685709e-14,6.035176011769029e-10,-1.4048119052523602e-15
8,0.004636314359538829,1.5257559093669168e-05,8.600910737755798e-08,1.357552654018708e-07,1.462991562827567e-14,5.299510204924114e-10,-1.073221844732884e-15
8,0.004828082305574114,1.6455409609997807e-05,9.581840722435225e-08,1.5198644939011654e-07,1.8287614997900895e-14,6.161040743627159e-10,-1.4032106744035242e-15
8,0.004559292629248931,1.4719161709973936e-05,8.17689950481489e-08,1.291236742480399e-07,1.3231173309873928e-14,4.950586512687922e-10,-9.869126067579067e-16
8,0.0047892399552441605,1.597528080924817e-05,9.167134962620531e-08,1.4925355623839734e-07,1.740533047716779e-14,5.96089170935201e-10,-1.3599139295077876e-15
8,0.0038724512304353573,1.0701726203840433e-05,5.134613869845612e-08,8.164874689365141e-08,5.274737411989285e-15,2.667528512203945e-10,-3.542701059372939e-16
8,0.0050494332710233625,1.7761404969749183e-05,1.0943818894428857e-07,1.7346352008095062e-07,2.3804196714071807e-14,7.304317441969938e-10,-2.137056682000593e-15
8,0.0048513316899231815,1.6831585271250703e-05,1.0009367085170687e-07,1.56332057162705e-07,1.950896324326776e-14,6.408897861324543e-10,-1.3525121925664556e-15
8,0.004721006017800588,1.567070113013427e-05,9.044943950550463e-08,1.4280815769023757e-07,1.617466204843777e-14,5.648657038395458e-10,-1.345408584525595e-15
8,0.004354885222943434,1.3474868496955756e-05,7.121030436156274e-08,1.1270117889952573e-07,1.0069314874918385e-14,4.1343314616686444e-10,-7.382723701909411e-16
8,0.004749063930874851,1.5832249731943546e-05,9.100220834760239e-08,1.4441127454470915e-07,1.6495532655293806e-14,5.741012823692405e-10,-1.401231095599666e-15
8,0.00473411938739993,1.571057005753154e-05,8.933026894297152e-08,1.4302419291964933e-07,1.6112308824640658e-14,5.664638021750768e-10,-1.3214784180723377e-15
8,0.004680781541249248,1.5506048774587447e-05,8.697825326119316e-08,1.3835775276182284e-07,1.51362756651e-14,5.444514077251249e-10,-1.1227838422041324e-15
8,0.004767725155780809,1.5941619059464385e-05,9.229793641194287e-08,1.4801816258160355e-07,1.7250460997122243e-14,5.905929183750063e-10,-1.3200296698651548e-15
8,0.004845526984342372,1.6877897210974357e-05,1.0007672939053353e-07,1.5650687293707588e-07,1.954547258049061e-14,6.426057590457145e-10,-1.2739159248793957e-15
8,0.004850925030348151,1.6198830210417492e-05,9.292726528774472e-08,1.538935659751657e-07,1.8344587834610097e-14,6.189770312156541e-10,-1.4723420141438234e-15
8,0.004722186320137113,1.5892771273789806e-05,9.073786392948689e-08,1.4333543753057048e-07,1.6306398252586585e-14,5.710598605377074e-10,-1.1442324304091455e-15
8,0.004472761719105033,1.4107546807202073e-05,7.64659903494809e-08,1.220904429333813e-07,1.1762931394498272e-14,4.582490487585714e-10,-8.905584297236016e-16
8,0.004512602256984466,1.425123160348154e-05,7.798700706531538e-08,1.2564862219842032e-07,1.2400400719288236e-14,4.739219778181932e-10,-9.65344534456336e-16
8,0.004734658331485895,1.5739655415868662e-05,8.993940249209651e-08,1.429242502097684e-07,1.6148706112227838e-14,5.665407091162111e-10,-1.3427554449199225e-15
8,0.0046874097875434055,1.540807438983146e-05,8.831122196177958e-08,1.4201355882687338e-07,1.5857794455372666e-14,5.57049144552454e-10,-1.2096515818169943e-15
9,0.004489062060810484,1.331972820870742e-05,6.886242267763792e-08,1.2219998078562155e-07,1.1129926221410858e-14,4.45113171513805e-10,-1.3357968413835673e-15
9,0.004431063082672515,1.2860183122249327e-05,6.548917821396483e-08,1.1724964943359933e-07,1.0194609572644497e-14,4.196460919908606e-10,-1.2771478776179085e-15
9,0.004745013874758336,1.4885823412013607e-05,8.184378525567855e-08,1.438658768851548e-07,1.549690367271382e-14,5.540637125606937e-10,-1.8836081135831973e-15
9,0.0062716018844199565,2.734322660902172e-05,2.0516679419063553e-07,3.3710479633550255e-07,8.82730519640737e-14,1.7605388866355483e-09,-8.21547695687517e-15
9,0.004145841444782545,1.1384561006561747e-05,5.488600969587829e-08,9.670265434490743e-08,6.993183331088824e-15,3.2558382156944264e-10,-8.538786761647305e-16
9,0.004778523741314331,1.52553146319952e-05,8.360658894299448e-08,1.4627793864288072e-07,1.606731702526523e-14,5.702864459065969e-10,-1.877557276747178e-15
9,0.004398252474316632,1.2965245833479513e-05,6.724677833248408e-08,1.1509054447167622e-07,1.0054024274178651e-14,4.137443995448198e-10,-1.1967891356144063e-15
9,0.004764793362378859,1.441945395576028e-05,7.577321098641299e-08,1.403687881813007e-07,1.433483873789455e-14,5.321115647179313e-10,-2.0202831941563606e-15
9,0.00459311364582564,1.3926495035182976e-05,7.366250877559953e-08,1.2989608555147647e-07,1.2607872170818068e-14,4.838518017273668e-10,-1.5780725802980399e-15
9,0.00411442054715004,1.1123675679416674e-05,5.3004917807134665e-08,9.346603278197861e-08,6.525393969600367e-15,3.111655197170865e-10,-8.356260939968396e-16
9,0.004583826112415931,1.3447375761805028e-05,6.976352821093218e-08,1.2758066088777266e-07,1.1926573851644482e-14,4.671664496051408e-10,-1.6212166932617929e-15
9,0.00458949451912643,1.3919417296529339e-05,7.402656961097217e-08,1.2981191931662438e-07,1.262934617194094e-14,4.834154314508849e-10,-1.5592033269261869e-15
9,0.004703757698378293,1.478580023311439e-05,8.20856008357526e-08,1.4161073720550704e-07,1.516536146244286e-14,5.435462036147812e-10,-1.766048781409385e-15
9,0.00450841921195821,1.3610264083384147e-05,7.178924466683254e-08,1.237704971866894e-07,1.1589024728199982e-14,4.55743269848555e-10,-1.3457381532146934e-15
9,0.0047910566941708815,1.5243313632399399e-05,8.378342860729677e-08,1.478599521380997e-07,1.6344181243397543e-14,5.76187682604712e-10,-1.9250644717023853e-15
9,0.004726897630044936,1.4479626133575456e-05,7.651718897975027e-08,1.3955538371283317e-07,1.4300357613108487e-14,5.300036051828177e-10,-1.862488285313996e-15
9,0.004205969046595955,1.1717169794886103e-05,5.784588040300549e-08,1.0157390551196583e-07,7.735566650881658e-15,3.47132712537884e-10,-8.839804283151266e-16
9,0.004574520075746246,1.3922679893784569e-05,7.342809725265953e-08,1.284640142706893e-07,1.2383887349722722e-14,4.785323645229772e-10,-1.5198634343441611e-15
9,0.004627055116230116,1.42859265387517e-05,7.686585412279775e-08,1.3346450009385824e-07,1.3426177618673735e-14,5.035206679484339e-10,-1.5737047216559834e-15
9,0.004976345290697268,1.5673165201928577e-05,8.748062135494672e-08,1.6290318687401767e-07,1.9243119393997723e-14,6.436093355415709e-10,-2.8078701986776794e-15
9,0.004984740469689623,1.636194724530058e-05,9.37784434823599e-08,1.6572473004118638e-07,2.0502313116966257e-14,6.6912807527684e-10,-2.548534619431465e-15
